OTU_ID	SRR29259906	Taxon
9fd43b01825533a4c031c4e426ee16a7	184	Unassigned
27297fa8c45519c735f976f27e2dc5eb	4	d__Bacteria;p__Actinobacteriota;c__Acidimicrobiia
f90efc34cc233886c6320d7317286c90	68	d__Bacteria;p__Actinobacteriota;c__Acidimicrobiia;o__uncultured;f__uncultured;g__uncultured;s__
9014cc59b054c5ade3bab481ce7f244b	614	d__Bacteria;p__Actinobacteriota;c__Acidimicrobiia;o__uncultured;f__uncultured;g__uncultured;s__
bd031aa8db6f1270fe8c0c198d32f103	73	d__Bacteria;p__Actinobacteriota;c__Acidimicrobiia
a7360841aa73363b39802c72eece8718	98	d__Bacteria;p__Proteobacteria;c__Alphaproteobacteria;o__Rickettsiales;f__Mitochondria;g__Mitochondria;s__
246e1c4ab7e50760b3d0d039cb7f5cfe	154	Unassigned
13a8fdad896907c20f56e9b0ebe018a2	77	d__Bacteria;p__Proteobacteria;c__Alphaproteobacteria;o__Rickettsiales;f__Mitochondria;g__Mitochondria;s__
854e1cce914f0893054e2fc818550cb8	33	d__Bacteria
d792e356d1763e3483142dd53125f719	538	d__Bacteria;p__Bacteroidota;c__Bacteroidia;o__Chitinophagales;f__Chitinophagaceae;g__uncultured;s__
740194ff8a7b2f5299013a022b8abdd5	60	Unassigned
87133dd98afba68c3d1e8c4786b18544	6	d__Bacteria;p__Campylobacterota;c__Campylobacteria;o__Campylobacterales;f__Helicobacteraceae;g__Helicobacter;s__
553dac2ba292646a85e0db480efbb156	9	d__Bacteria;p__Campylobacterota;c__Campylobacteria;o__Campylobacterales;f__Helicobacteraceae;g__Helicobacter;s__
8d933131b42cd1f4869c6aba013fa82d	12	d__Bacteria;p__Firmicutes;c__Bacilli;o__Lactobacillales;f__Lactobacillaceae;g__Lactobacillus;s__
ad70f3f9f45ce2de33dc30aad3f6c1eb	6	d__Bacteria;p__Firmicutes;c__Bacilli;o__Lactobacillales;f__Lactobacillaceae;g__Ligilactobacillus;s__
2fb2a7a03f3d39cd132c41620f67e454	4	d__Bacteria;p__Firmicutes;c__Bacilli;o__Lactobacillales;f__Lactobacillaceae;g__HT002;s__
0b66b1e6f6799daa44279d0824199726	4	d__Bacteria;p__Firmicutes;c__Bacilli;o__Lactobacillales;f__Enterococcaceae;g__Enterococcus;s__
e3ec0f90c9a90f297ec7a0da9bebc4e2	482	d__Bacteria
4ff33439ec049d2f0186b5e7713e7144	23	d__Bacteria;p__Firmicutes;c__Bacilli;o__Erysipelotrichales;f__Erysipelotrichaceae;g__Dubosiella;s__
037fe4ecd03875b87cd910e8cad74eda	2	d__Bacteria;p__Firmicutes;c__Bacilli;o__Erysipelotrichales;f__Erysipelotrichaceae;g__Dubosiella;s__
1b7f990e566cb0b79defb3f0f80aeb48	8	d__Bacteria;p__Firmicutes;c__Bacilli;o__Erysipelotrichales;f__Erysipelotrichaceae;g__Faecalibaculum;s__
08222e75ded755308d97d60855cc978b	6	d__Bacteria;p__Firmicutes;c__Bacilli;o__Erysipelotrichales;f__Erysipelotrichaceae;g__Ileibacterium;s__
7c9aa84c9d5e4284f35cee76778338b0	35	d__Bacteria;p__Firmicutes;c__Bacilli;o__Erysipelotrichales;f__Erysipelotrichaceae;g__Holdemanella;s__
17bae5af13886e4f60a0e612f07be363	7	d__Bacteria;p__Firmicutes;c__Bacilli;o__Entomoplasmatales;f__Spiroplasmataceae;g__Spiroplasma;s__
0ac2ad99f43284188c0846c2efb35fde	23	d__Bacteria;p__Firmicutes;c__Bacilli;o__Mycoplasmatales;f__Mycoplasmataceae;g__Ureaplasma;s__
fb1d4392c07031c52f97a8a1dc8837e8	15	d__Bacteria;p__Firmicutes;c__Clostridia;o__Clostridia_UCG-014;f__Clostridia_UCG-014;g__Clostridia_UCG-014;s__
80d625c5f2aa687ac72e483709034205	419	d__Bacteria;p__Firmicutes;c__Clostridia;o__Clostridia_UCG-014;f__Clostridia_UCG-014;g__Clostridia_UCG-014;s__
fee73a9dfc1ed5252794e18fffa6d7de	532	d__Bacteria;p__Firmicutes;c__Clostridia;o__Clostridia_UCG-014;f__Clostridia_UCG-014;g__Clostridia_UCG-014;s__
20416b78a7434eac582ff4051b63fbfa	1393	d__Bacteria;p__Actinobacteriota;c__Rubrobacteria;o__Rubrobacterales;f__Rubrobacteriaceae;g__Rubrobacter;s__
eb6dc5a410d5fa721999d38c97d3b46d	2	d__Bacteria;p__Actinobacteriota;c__Thermoleophilia;o__Gaiellales;f__uncultured;g__uncultured;s__
fe44b6ac8c22bcbfcfc580502976941a	1226	d__Bacteria;p__Proteobacteria;c__Gammaproteobacteria;o__Burkholderiales;f__TRA3-20;g__TRA3-20;s__
b9940a5472df0ef72e4d592a43507730	2	d__Bacteria;p__Proteobacteria;c__Gammaproteobacteria;o__Burkholderiales;f__TRA3-20;g__TRA3-20;s__
6c4737c0ec4118f96fef2bfeace3ce18	2	d__Bacteria;p__Proteobacteria;c__Alphaproteobacteria;o__Rickettsiales;f__Mitochondria;g__Mitochondria;s__
1178e4e41b9562851f27d4180fa30c4f	10	d__Bacteria;p__Bacteroidota;c__Bacteroidia;o__Bacteroidales;f__Prevotellaceae;g__Prevotella;s__
2960ef387b7d48aea602c378fde74c87	12	d__Bacteria;p__Bacteroidota;c__Bacteroidia;o__Bacteroidales;f__Bacteroidaceae;g__Bacteroides;s__
5450e27613a75c6771d524c638ec6576	33	d__Bacteria;p__Bacteroidota;c__Bacteroidia;o__Bacteroidales;f__Marinifilaceae;g__Odoribacter;s__
f0936c3fe75e14b6b429a2b274d3917f	11	d__Bacteria;p__Bacteroidota;c__Bacteroidia;o__Bacteroidales;f__Muribaculaceae;g__Muribaculaceae;s__
40deb6b4b33e0666500b4550530298c9	12	d__Bacteria;p__Bacteroidota;c__Bacteroidia;o__Bacteroidales;f__Prevotellaceae;g__Alloprevotella;s__
6c1c83a10db95589e12aef39a9e5769c	14	d__Bacteria;p__Bacteroidota;c__Bacteroidia;o__Bacteroidales;f__Tannerellaceae;g__Parabacteroides;s__
9365b889662f351170aee2336f1c58e3	24	d__Bacteria;p__Bacteroidota;c__Bacteroidia;o__Bacteroidales;f__Muribaculaceae;g__Muribaculaceae;s__
6d1b1bcfe68b2aa808f5fcca3cc28a4c	101	d__Bacteria;p__Bacteroidota;c__Bacteroidia;o__Bacteroidales;f__Bacteroidaceae;g__Bacteroides;s__
4636cc2a477e32bf0f0a5b9bd69586ae	106	d__Bacteria;p__Bacteroidota;c__Bacteroidia;o__Bacteroidales;f__Prevotellaceae;g__Prevotella_9;s__
d4aaccbe1e15d71a58f35205a0fcfac7	23	d__Bacteria;p__Bacteroidota;c__Bacteroidia;o__Bacteroidales;f__Prevotellaceae
1dbc2e7e80feaf36b3b9c76858dbe252	46	d__Bacteria;p__Bacteroidota;c__Bacteroidia;o__Bacteroidales;f__Prevotellaceae;g__Alloprevotella;s__
92d28c804d9f8c1682d7ca424e05a1da	114	d__Bacteria;p__Bacteroidota;c__Bacteroidia;o__Bacteroidales;f__Prevotellaceae;g__Alloprevotella;s__
c43caf82bb8dfbdcf43c12abdadff2a1	10	d__Bacteria;p__Bacteroidota;c__Bacteroidia;o__Bacteroidales;f__Tannerellaceae;g__Tannerellaceae;s__
47b87a7c2a49f5b344a99c70bd2d8f6f	11	d__Bacteria;p__Bacteroidota;c__Bacteroidia;o__Bacteroidales;f__Muribaculaceae;g__Muribaculum;s__
2f21f2167eacf577abe55bd317a57f91	16	d__Bacteria;p__Bacteroidota;c__Bacteroidia;o__Bacteroidales;f__Marinifilaceae;g__Butyricimonas;s__
66e4250bed4bf16660500bd543a1b6d6	14	d__Bacteria;p__Bacteroidota;c__Bacteroidia;o__Bacteroidales;f__Muribaculaceae;g__Muribaculaceae;s__
1e7043bda5d9db1753b2bc3fa8540e4b	13	d__Bacteria;p__Bacteroidota;c__Bacteroidia;o__Bacteroidales;f__Muribaculaceae;g__Muribaculaceae;s__
c686c5cde81e9bcf291698d3dfdeb4d2	725	d__Bacteria;p__Bacteroidota;c__Bacteroidia;o__Bacteroidales;f__Bacteroidaceae;g__Bacteroides;s__
a82890f0a14a1c0d84365154775707e2	2	d__Bacteria;p__Firmicutes;c__Clostridia;o__Oscillospirales;f__Ruminococcaceae;g__Ruminococcus;s__
828addee90caee779780166e94cb8ac9	276	d__Bacteria;p__Bacteroidota;c__Bacteroidia;o__Bacteroidales;f__Bacteroidaceae;g__Bacteroides;s__
2aeea68ca15951dd29786c775c07a79f	7	d__Bacteria;p__Bacteroidota;c__Bacteroidia;o__Bacteroidales;f__Bacteroidaceae;g__Bacteroides;s__
90b1ee1a9bf284fb7083b1033c641fb5	17	d__Bacteria;p__Bacteroidota;c__Bacteroidia;o__Bacteroidales;f__Prevotellaceae;g__Prevotella_7;s__
62c53f144d5be707d7f23be45363bc70	10	d__Bacteria;p__Bacteroidota;c__Bacteroidia;o__Bacteroidales;f__Muribaculaceae;g__Muribaculaceae;s__
c01f3b8664a4ba5d73644f2a343bceef	2	d__Bacteria
4ff9627a9bc6a2a87e6a0a93ef8c3475	34	d__Bacteria;p__Bacteroidota;c__Bacteroidia;o__Bacteroidales;f__Rikenellaceae;g__Rikenellaceae_RC9_gut_group;s__
ff74b06531d3ec395e4947598ce08b44	4	d__Bacteria;p__Bacteroidota;c__Bacteroidia;o__Bacteroidales;f__Muribaculaceae;g__Muribaculaceae;s__
991abd7601642720abcf5204d2aa1871	18	d__Bacteria;p__Bacteroidota;c__Bacteroidia;o__Bacteroidales;f__Tannerellaceae;g__Parabacteroides;s__
8a0974534d8cc9585b2cab8a0fa32831	14	d__Bacteria;p__Bacteroidota;c__Bacteroidia;o__Bacteroidales;f__Muribaculaceae;g__Muribaculaceae;s__
830649da1fe986ccbef13e540bdfc98b	11	d__Bacteria;p__Proteobacteria;c__Alphaproteobacteria;o__Rickettsiales;f__Mitochondria;g__Mitochondria;s__
e1ac24f9edd9cc229bf927398c8cf66a	192	d__Bacteria;p__Proteobacteria;c__Alphaproteobacteria;o__Rickettsiales;f__Mitochondria;g__Mitochondria;s__
273e504c84b128a596127630da6c73e7	46	d__Bacteria;p__Proteobacteria;c__Alphaproteobacteria;o__Rickettsiales;f__Mitochondria;g__Mitochondria;s__
9c65f4056c4b915a1ecf6991ab9da319	77	d__Bacteria;p__Proteobacteria;c__Alphaproteobacteria;o__Rickettsiales;f__Mitochondria;g__Mitochondria;s__
38be34e95e96093f969cf40aec6b06fd	384	d__Bacteria;p__Actinobacteriota;c__MB-A2-108;o__MB-A2-108;f__MB-A2-108;g__MB-A2-108;s__
15c7632249469c95d8c5d3164c9f4028	35	d__Bacteria;p__Firmicutes;c__Clostridia;o__Lachnospirales;f__Lachnospiraceae;g__Howardella;s__
19662a51f727e0126b44030d9c46cd25	14	d__Bacteria;p__Firmicutes;c__Clostridia;o__Peptostreptococcales-Tissierellales;f__Peptostreptococcaceae;g__Peptostreptococcus;s__
f5350ead44dec19f4c065b84bab28291	1705	d__Bacteria;p__Firmicutes;c__Clostridia;o__Peptostreptococcales-Tissierellales;f__Peptostreptococcaceae;g__Romboutsia;s__
3d86dcba7bae7a9e3e59cc8d96278b31	4	d__Bacteria;p__Firmicutes;c__Clostridia;o__Peptostreptococcales-Tissierellales;f__Peptostreptococcaceae
5d1f0a480132f0c059e12a3376780f88	625	d__Bacteria;p__Firmicutes;c__Clostridia;o__Peptostreptococcales-Tissierellales;f__Peptostreptococcaceae;g__Romboutsia;s__
78d5dde2abb9b045157d996e53e8deef	792	d__Bacteria;p__Firmicutes;c__Clostridia;o__Lachnospirales;f__Lachnospiraceae;g__Agathobacter;s__
055ef405d01bdabc3f71663470df0ffc	814	d__Bacteria;p__Firmicutes;c__Clostridia;o__Lachnospirales;f__Lachnospiraceae;g__[Eubacterium]_hallii_group;s__
8a9d9142de425eb5d558f3d778a1869e	677	d__Bacteria;p__Actinobacteriota;c__Actinobacteria;o__Micrococcales;f__Micrococcaceae
e888a9e120881119a17a6b768572cb9e	672	d__Bacteria;p__Firmicutes;c__Clostridia;o__Lachnospirales;f__Lachnospiraceae;g__Lachnoclostridium;s__
600d9e6dc374d17064ddd40602d2a9bc	24	d__Bacteria;p__Firmicutes;c__Clostridia;o__Lachnospirales;f__Lachnospiraceae;g__Shuttleworthia;s__
1a47d4f12210c3ed307836016e223988	1140	d__Bacteria;p__Firmicutes;c__Clostridia;o__Oscillospirales;f__[Eubacterium]_coprostanoligenes_group;g__[Eubacterium]_coprostanoligenes_group;s__
10fa830fcb458df6f6d1c3d660d7f082	106	d__Bacteria;p__Firmicutes;c__Clostridia;o__Oscillospirales;f__[Eubacterium]_coprostanoligenes_group;g__[Eubacterium]_coprostanoligenes_group;s__
f0f24bb3e65771ad677f232282cf31ff	364	d__Bacteria;p__Proteobacteria;c__Gammaproteobacteria;o__Enterobacterales;f__Enterobacteriaceae;g__Escherichia-Shigella;s__
1d32fb5be1efcf7da45536182cf40b38	374	d__Bacteria;p__Proteobacteria;c__Gammaproteobacteria;o__Enterobacterales;f__Enterobacteriaceae;g__Escherichia-Shigella;s__
3e84390f3e522122b848da198a283ef8	4	d__Bacteria;p__Proteobacteria;c__Gammaproteobacteria;o__Enterobacterales;f__Enterobacteriaceae;g__Escherichia-Shigella;s__
58eb88eac9fb0d2b6400db3f7b8eeb6d	712	d__Bacteria;p__Proteobacteria;c__Gammaproteobacteria;o__Enterobacterales;f__Enterobacteriaceae;g__Escherichia-Shigella;s__
e7ea6ddb57d0b7e2c904de0e8051d5df	68	d__Bacteria;p__Proteobacteria;c__Gammaproteobacteria;o__Enterobacterales;f__Enterobacteriaceae
6d85e88b5712801f042c3afcbe27c1e3	15	d__Bacteria;p__Proteobacteria;c__Gammaproteobacteria;o__Enterobacterales;f__Enterobacteriaceae
b3b91692fc9cb9f56914946b9b64b442	605	d__Bacteria;p__Proteobacteria;c__Gammaproteobacteria;o__Enterobacterales;f__Enterobacteriaceae
c31dfd38d2368ba9b4fee600ada586ab	476	d__Bacteria;p__Proteobacteria;c__Gammaproteobacteria;o__Enterobacterales;f__Enterobacteriaceae
8f350b90469b78ebb1bc393ac70fdc6b	893	d__Bacteria;p__Proteobacteria;c__Gammaproteobacteria;o__Enterobacterales;f__Enterobacteriaceae;g__Escherichia-Shigella;s__
4483026135a93a0daca223f2df4df269	2	d__Bacteria;p__Actinobacteriota;c__MB-A2-108;o__MB-A2-108;f__MB-A2-108;g__MB-A2-108;s__
2a905eee2b28a1b80ff93092fe4a3895	40	d__Bacteria;p__Proteobacteria;c__Gammaproteobacteria;o__Enterobacterales;f__Enterobacteriaceae
03ca51c3c8741790fdede4dda28e4caa	8	d__Bacteria;p__Proteobacteria;c__Gammaproteobacteria;o__Enterobacterales;f__Enterobacteriaceae
02ddd61a0997869dc1fee6191f979d59	1425	d__Bacteria;p__Proteobacteria;c__Gammaproteobacteria;o__Enterobacterales;f__Enterobacteriaceae
e9c65522019295686bc9c56963610084	11	d__Bacteria;p__Proteobacteria;c__Gammaproteobacteria;o__Enterobacterales;f__Enterobacteriaceae;g__Klebsiella;s__
41ac0acb5fd3a580891a2ea9106812d4	1574	d__Bacteria;p__Actinobacteriota;c__Actinobacteria;o__Micrococcales;f__Micrococcaceae
86e9dadf672fe84610fb76815b014dc8	8	d__Bacteria;p__Actinobacteriota;c__Thermoleophilia
73660a9229903337880478d152c76e40	855	d__Bacteria;p__Actinobacteriota;c__Actinobacteria;o__Bifidobacteriales;f__Bifidobacteriaceae;g__Bifidobacterium;s__
74ce1038404953abacd913e994a469d2	14	d__Bacteria;p__Actinobacteriota;c__Actinobacteria;o__Corynebacteriales;f__Corynebacteriaceae
4f5b0503c8ea296f7815b0e928ec7d35	742	d__Bacteria;p__Firmicutes;c__Clostridia;o__Oscillospirales;f__[Eubacterium]_coprostanoligenes_group;g__[Eubacterium]_coprostanoligenes_group;s__
4c15de3aac3814002161f4abc4ff61fe	796	d__Bacteria;p__Firmicutes;c__Clostridia;o__Oscillospirales;f__[Eubacterium]_coprostanoligenes_group;g__[Eubacterium]_coprostanoligenes_group;s__
eaf6ca7a4e7c8cedff0b1f0556d44d33	457	d__Bacteria;p__Firmicutes;c__Clostridia;o__Lachnospirales;f__Lachnospiraceae;g__Agathobacter;s__
c78011f65b87931e61f173298afa2046	634	d__Bacteria;p__Firmicutes;c__Clostridia;o__Lachnospirales;f__Lachnospiraceae;g__[Eubacterium]_hallii_group;s__
44a0a95256bd62e0869d882e22b94878	7	d__Bacteria;p__Firmicutes;c__Clostridia;o__Lachnospirales;f__Lachnospiraceae
ad6bad9a26ff16c0d4c8769f85f5a0a4	101	d__Bacteria;p__Proteobacteria;c__Gammaproteobacteria;o__Enterobacterales;f__Aeromonadaceae;g__Aeromonas;s__
2637107f19eea205310f697f29fe4b91	818	d__Bacteria;p__Firmicutes;c__Clostridia;o__Lachnospirales;f__Lachnospiraceae;g__Blautia;s__
b30c6626ad341f089ecf8fedb3b6e808	486	d__Bacteria;p__Firmicutes;c__Clostridia;o__Lachnospirales;f__Lachnospiraceae;g__Blautia;s__
aed12f27e58d8478dd2aa37fd78dc4c3	745	d__Bacteria;p__Firmicutes;c__Clostridia;o__Lachnospirales;f__Lachnospiraceae;g__Blautia;s__
2632bc9011987eea2c1506f7cd017335	186	d__Bacteria;p__Firmicutes;c__Clostridia;o__Lachnospirales;f__Lachnospiraceae;g__[Ruminococcus]_torques_group;s__
3058bc560efdbd21d68ea19e58be1d75	517	d__Bacteria;p__Firmicutes;c__Clostridia;o__Lachnospirales;f__Lachnospiraceae;g__Roseburia;s__
224c0db9c73817d9d4da227b9b1845d5	2	d__Bacteria;p__Firmicutes;c__Clostridia;o__Oscillospirales;f__Ruminococcaceae;g__Faecalibacterium;s__
382192df8ca762ecb9904de28215091a	801	d__Bacteria;p__Firmicutes;c__Clostridia;o__Oscillospirales;f__Ruminococcaceae;g__Faecalibacterium;s__
757f8263c747ced9ae76fbe20ea4113d	701	d__Bacteria;p__Firmicutes;c__Clostridia;o__Oscillospirales;f__Ruminococcaceae;g__Faecalibacterium;s__
1473427d505fd457be6b7877bb67164e	153	d__Bacteria;p__Firmicutes;c__Clostridia;o__Oscillospirales;f__Ruminococcaceae;g__Faecalibacterium;s__
b66d6697555cf8b8004e6d7b82f5897c	9	d__Bacteria;p__Firmicutes;c__Clostridia;o__Peptostreptococcales-Tissierellales;f__Family_XI;g__Parvimonas;s__
a28f6ddd1aaa3fdf4c9575663631947b	688	d__Bacteria;p__Proteobacteria;c__Gammaproteobacteria;o__Burkholderiales;f__TRA3-20;g__TRA3-20;s__
27aad756b9c6ab7b29a9806f23f48e4d	529	d__Bacteria;p__Proteobacteria;c__Gammaproteobacteria;o__Burkholderiales;f__TRA3-20;g__TRA3-20;s__
c8a9561dcb9f203273e7a6a42bf34034	127	d__Bacteria;p__Gemmatimonadota;c__Gemmatimonadetes;o__Gemmatimonadales;f__Gemmatimonadaceae;g__uncultured;s__
e29c5831bf5adb091f5667f0bb29a80a	34	d__Bacteria;p__Desulfobacterota;c__Desulfovibrionia;o__Desulfovibrionales;f__Desulfovibrionaceae;g__uncultured;s__
c2a1362413f05b8814648aa90568a9c8	699	d__Bacteria;p__Actinobacteriota;c__Actinobacteria;o__Frankiales;f__Geodermatophilaceae
a81806f3ef6f643b0a827831055706ea	651	d__Bacteria;p__Actinobacteriota;c__Actinobacteria;o__Frankiales;f__Geodermatophilaceae;g__Blastococcus;s__
5abbe287066577c6413bea5e65fddae7	122	d__Bacteria;p__Actinobacteriota;c__Actinobacteria;o__Frankiales;f__Geodermatophilaceae;g__Blastococcus;s__
0c7940e78e85909f3172e4535d34ccf0	4	d__Bacteria;p__Firmicutes;c__Clostridia;o__Lachnospirales;f__Lachnospiraceae
6a8457e0612c6ef8fe540f3ebaed0b02	968	d__Bacteria;p__Myxococcota;c__Polyangia;o__Haliangiales;f__Haliangiaceae;g__Haliangium;s__
023a2f7c0f95148d37740e04dc65f612	356	d__Bacteria;p__Proteobacteria;c__Gammaproteobacteria;o__Xanthomonadales;f__Rhodanobacteraceae;g__Rhodanobacter;s__
eb08b568d2069f65226c59b6ac69ea3c	99	d__Bacteria;p__Proteobacteria;c__Gammaproteobacteria;o__Xanthomonadales;f__Rhodanobacteraceae;g__Rhodanobacter;s__
ad34330f045bb687b015badee97e9ac7	1351	d__Bacteria;p__Proteobacteria;c__Alphaproteobacteria;o__Rhizobiales;f__Xanthobacteraceae
4e50d0844a8045614c0d041e8b54e2b7	49	d__Bacteria;p__Proteobacteria;c__Alphaproteobacteria;o__Rhizobiales;f__Xanthobacteraceae
d392a999f1f1e630f7afc288873d72d7	11	d__Bacteria;p__Firmicutes;c__Clostridia;o__Peptostreptococcales-Tissierellales;f__Peptostreptococcaceae
2d6d116b219ac049a5f7ae60bebb4c5a	230	d__Bacteria;p__Proteobacteria;c__Alphaproteobacteria;o__Rhizobiales;f__Xanthobacteraceae
6fc9af40eef64d5879edae9617ba1079	23	d__Bacteria;p__Proteobacteria;c__Gammaproteobacteria;o__Pseudomonadales;f__Moraxellaceae;g__Acinetobacter;s__
1e3c78ab443ae87f1a3621c70b83b1b1	3	d__Bacteria;p__Proteobacteria;c__Gammaproteobacteria;o__Burkholderiales;f__TRA3-20;g__TRA3-20;s__
75cdecc511318f7d2a2a446707e33ef4	232	d__Bacteria;p__Firmicutes;c__Clostridia;o__Lachnospirales;f__Lachnospiraceae;g__Johnsonella;s__
439f90898f5b2cfd4c222fc4dabb6dfe	2	d__Bacteria;p__Firmicutes;c__Clostridia;o__Clostridia_vadinBB60_group;f__Clostridia_vadinBB60_group;g__Clostridia_vadinBB60_group;s__
d52c9481c1aeafb2a4e216701fdc8f32	3	d__Bacteria;p__Firmicutes;c__Clostridia;o__Oscillospirales;f__Oscillospiraceae;g__UCG-002;s__
bb1ce50dad47c31329f47c29e4074b7c	1383	d__Bacteria;p__Firmicutes;c__Clostridia;o__Oscillospirales;f__Oscillospiraceae;g__UCG-002;s__
652e585f492c52fc85f88649aa2fa226	189	d__Bacteria;p__Acidobacteriota;c__Acidobacteriae;o__Bryobacterales;f__Bryobacteraceae;g__Bryobacter;s__
13f7e2ca470d00ba28d6f56cbc5b6539	208	d__Bacteria;p__Acidobacteriota;c__Acidobacteriae;o__Bryobacterales;f__Bryobacteraceae;g__Bryobacter;s__
6c27f8a0ef6264de994d89d8ed7407f8	769	d__Bacteria;p__Acidobacteriota;c__Acidobacteriae;o__Bryobacterales;f__Bryobacteraceae;g__Bryobacter;s__
1817af7a4046e23acef8670da8dde70a	514	d__Bacteria;p__Actinobacteriota;c__MB-A2-108;o__MB-A2-108;f__MB-A2-108;g__MB-A2-108;s__
4e7648e2d2526476f60532456b9dfdc7	640	d__Bacteria;p__Actinobacteriota;c__Thermoleophilia;o__Solirubrobacterales;f__67-14;g__67-14;s__
226a4408653adf827965e244a1d754e5	618	d__Bacteria;p__Actinobacteriota;c__Thermoleophilia;o__Solirubrobacterales;f__67-14;g__67-14;s__
4406562f5d735f84837c936a90d5f332	287	d__Bacteria;p__Proteobacteria;c__Gammaproteobacteria;o__Burkholderiales;f__Comamonadaceae
f7e6b255eb61443fc379265c24a4fed0	356	d__Bacteria;p__Proteobacteria;c__Gammaproteobacteria;o__Burkholderiales;f__Comamonadaceae
3984f0e7d57e7e00f9af4d98b7b3383a	700	d__Bacteria;p__Actinobacteriota;c__Thermoleophilia;o__Solirubrobacterales;f__Solirubrobacteraceae;g__Solirubrobacter;s__
d9780a7dd60e1813a859abdc8872bdfc	139	d__Bacteria;p__Actinobacteriota;c__Thermoleophilia;o__Solirubrobacterales;f__67-14;g__67-14;s__
47c620657188fca24df1ee8fd01379cf	36	d__Bacteria;p__Actinobacteriota;c__Thermoleophilia;o__Solirubrobacterales;f__67-14;g__67-14;s__
b0e70bc2d5ec6a0fb25971c9c0d7a933	509	d__Bacteria;p__Actinobacteriota;c__Thermoleophilia;o__Solirubrobacterales;f__67-14;g__67-14;s__
08a5df9e5c291c81e787d32d1beff92f	195	d__Bacteria;p__Gemmatimonadota;c__Gemmatimonadetes;o__Gemmatimonadales;f__Gemmatimonadaceae;g__Gemmatimonas;s__
da4951a1fee548e317817b1a68ebaa5f	349	d__Bacteria;p__Gemmatimonadota;c__Gemmatimonadetes;o__Gemmatimonadales;f__Gemmatimonadaceae;g__Gemmatimonas;s__
cd44a5cf01007724fc9aa2ddfcf53ca9	536	d__Bacteria;p__Gemmatimonadota;c__Gemmatimonadetes;o__Gemmatimonadales;f__Gemmatimonadaceae;g__uncultured;s__
b8a50232dfe8b9d7196f090aff75ffae	92	d__Bacteria;p__Gemmatimonadota;c__Gemmatimonadetes;o__Gemmatimonadales;f__Gemmatimonadaceae;g__uncultured;s__
5aa604481bc566980de87b3bfc60236b	180	d__Bacteria;p__Gemmatimonadota;c__Gemmatimonadetes;o__Gemmatimonadales;f__Gemmatimonadaceae;g__uncultured;s__
16094b1b6924e83aec7ec3b14444eb0b	51	d__Bacteria;p__Proteobacteria;c__Alphaproteobacteria;o__Caulobacterales;f__Caulobacteraceae
6cfa117b83a74099f24fc1c84568b9e8	570	d__Bacteria;p__Actinobacteriota;c__Actinobacteria;o__Pseudonocardiales;f__Pseudonocardiaceae;g__Crossiella;s__
4dd4d88ff6ebe45b6d27481ea877ed33	525	d__Bacteria
fc75ce1e9054ea2091eb01871ab033f1	1201	d__Bacteria;p__Actinobacteriota;c__Thermoleophilia;o__Gaiellales;f__uncultured;g__uncultured;s__
c61dfc82b6c09894765b8b83e69bbcdc	77	d__Bacteria
57b76e1b63b06c32a15437c1e1826c21	92	d__Bacteria
f4b55ad68e359b9be1dc78c1fc634ba8	55	d__Bacteria;p__Actinobacteriota;c__Thermoleophilia;o__Gaiellales;f__uncultured;g__uncultured;s__
29c9007d10dfd2501aa1f433859484ef	781	d__Bacteria;p__Actinobacteriota;c__Thermoleophilia;o__Gaiellales;f__uncultured;g__uncultured;s__
e5f86cd12767c30d3b264d18921d1277	7	d__Bacteria;p__Actinobacteriota;c__Coriobacteriia;o__Coriobacteriales;f__Atopobiaceae;g__Olsenella;s__
7388b45eb95c840713ed13bf46ce6df9	1481	d__Bacteria;p__Actinobacteriota;c__Coriobacteriia;o__Coriobacteriales;f__Coriobacteriaceae;g__Collinsella;s__
c1a1722f777791d7274743992f0604ab	109	d__Bacteria;p__Actinobacteriota;c__Coriobacteriia;o__Coriobacteriales;f__Coriobacteriaceae;g__Collinsella;s__
447e10a9560bdb63c5caf09b3259eeac	18	d__Bacteria;p__Gemmatimonadota;c__Gemmatimonadetes;o__Gemmatimonadales;f__Gemmatimonadaceae;g__uncultured;s__
b647cecdaa7684a5c58d35b0282e6c92	312	d__Bacteria;p__Proteobacteria;c__Alphaproteobacteria;o__Rhizobiales;f__Xanthobacteraceae
5a7310329c8304545cc417ffd97ee142	834	d__Bacteria;p__Proteobacteria;c__Alphaproteobacteria;o__Rhizobiales;f__Xanthobacteraceae
550c71867712e6e33c322177fff64382	833	d__Bacteria;p__Actinobacteriota;c__Actinobacteria;o__0319-7L14;f__0319-7L14;g__0319-7L14;s__
50d4454646d99ae71793986040bc36c9	5	d__Bacteria;p__Deferribacterota;c__Deferribacteres;o__Deferribacterales;f__Deferribacteraceae;g__Mucispirillum;s__
7fa1b7bfd467040ee2e5ead09e156696	798	d__Bacteria;p__Acidobacteriota;c__Acidobacteriae;o__Acidobacteriales;f__uncultured;g__uncultured;s__
8b0f31864474675004cebc906ddb3fbd	2	d__Bacteria;p__Firmicutes;c__Clostridia;o__Oscillospirales;f__Ruminococcaceae
532739893145b7623ebf8d56259c5bca	6	d__Bacteria;p__Proteobacteria;c__Gammaproteobacteria;o__Burkholderiales;f__Sutterellaceae;g__Parasutterella;s__
0d1d57c8734da613decf4822569fc0eb	40	d__Bacteria;p__Firmicutes;c__Clostridia;o__Lachnospirales;f__Lachnospiraceae;g__Oribacterium;s__
8f5ca5b308c605cf492d40ec9f43f34d	628	d__Bacteria;p__Firmicutes;c__Clostridia;o__Oscillospirales;f__Ruminococcaceae;g__CAG-352;s__
fff41c16c8b71c595fe093e773a7adeb	44	d__Bacteria;p__Firmicutes;c__Clostridia;o__Monoglobales;f__Monoglobaceae;g__Monoglobus;s__
ff7f77d7d28c31bc49c294dca736373d	11	d__Bacteria;p__Firmicutes;c__Clostridia;o__Oscillospirales;f__Ruminococcaceae;g__[Eubacterium]_siraeum_group;s__
